{"cameraMode":{"drawMode":0,"name":"Shaded","section":"Shading Mode"},"sceneLighting":false,"audioPlay":false,"sceneViewState":{"m_AlwaysRefresh":false,"showFog":true,"showSkybox":false,"showFlares":true,"showImageEffects":true,"showParticleSystems":true,"showVisualEffectGraphs":true,"m_FxEnabled":true},"in2DMode":false,"pivot":{"x":-2.5416886806488039,"y":0.038783907890319827,"z":-12.98154067993164},"rotation":{"x":-0.23698385059833527,"y":0.6695171594619751,"z":-0.23971325159072877,"w":-0.6619324088096619},"size":3.5506885051727297,"orthographic":false}